<?xml version="1.0" encoding="utf-8"?>
<extension version="2.5" type="plugin" group="content">
    <name>Content - photoFEED</name>
    <creationDate>June 2009</creationDate>
    <author>Cedric Walter</author>
    <authorEmail>cedric.walter@gmail.com,Ed@Henderson.net</authorEmail>
    <authorUrl>www.waltercedric.com,www.henderland.net</authorUrl>
    <copyright>Cedric Walter</copyright>
    <license>GNU/GPL 3.0</license>
    <description>PLG_PHOTOFEED_DESCRIPTION</description>
    <version>2.5.1</version>

    <media destination="plg_content_photofeed">
        <filename>photofeed.css</filename>
        <filename>notfound.jpg</filename>
        <filename>index.html</filename>
    </media>

    <files>
        <filename plugin="photofeed">photofeed.php</filename>
        <folder>language</folder>
        <folder>photofeed</folder>
    </files>

    <updateservers>
        <server type="extension" priority="1" name="Extension Update Site"
                >http://www.waltercedric.com/update/plugins/photofeed/extension.xml
        </server>
        <server type="collection" priority="2" name="Collection Update Site"
                >http://www.waltercedric.com/update/update.xml
        </server>
    </updateservers>


    <config>
        <fields name="params">
            <fieldset name="basic">
                <field name="enabled" type="radio" default="1"
                       label="Enable Plugin" description="Plugin is enable.">
                    <option value="0">JNO</option>
                    <option value="1">JYES</option>
                </field>

                <field name="debug" type="radio" default="0" label="Debug"
                       description="Wenn Yes, log files will be created at /logs/plg.photofeed.log.php you can point a browser to it, use FTP/SCP/Plesk/Cpanel to read them">
                    <option value="0">JNO</option>
                    <option value="1">JYES</option>
                </field>
                <field name="demo" type="radio" default="0" label="Demo mode"
                       description="Demo mode display some examples">
                    <option value="0">JNO</option>
                    <option value="1">JYES</option>
                </field>
                <field name="thumbsize" type="text" default="75"
                       label="Thumbnail Size"
                       description="Thumbnail size in pixels."/>
                <field name="thumbborder" type="text" default="3"
                       label="Thumbnail Border"
                       description="Thumbnail border width in pixels."/>
                <field name="thumbsquare" type="radio" default="yes"
                       label="Square Thumbnail"
                       description="Choose 'Yes' for a square thumbnail or 'No' to maintain aspect ratio. If 'No' Thumbnail Size specifies thumbnail height only.">
                    <option value="no">JNO</option>
                    <option value="yes">JYES</option>
                </field>
            </fieldset>

            <fieldset name="Rendering" label="Rendering">
                <field name="rendering" type="list" default="Rokbox"
                       label="Library"
                       description="If rokbow, install http://www.rockettheme.com/extensions-joomla/rokbox">
                    <option value="Rokbox">rokbox</option>
                    <option value="Lightbox2">lightbox2</option>
                    <option value="Lightbox">lightbox</option>
                    <option value="Shadowbox">shadowbox</option>
                    <option value="Html">html</option>
                </field>
            </fieldset>


            <fieldset name="Ordering" label="Ordering">
                <field name="sortPhotoByExifDate" type="radio" default="1"
                       label="Exif order"
                       description="In RSS feed pictures are not always sorted by date, use EXIF data to sort">
                    <option value="0">JNO</option>
                    <option value="1">JYES</option>

                </field>
                <field name="reverseOrder" type="radio" default="yes"
                       label="Reverse order"
                       description="If yes, last images from the rss will be the first to be displayed in the list">
                    <option value="no">JNO</option>
                    <option value="yes">JYES</option>
                </field>
            </fieldset>


            <fieldset name="Appearance" label="Appearance">
                <field name="displayGalleryTitle" type="radio" default="yes"
                       label="Gallery Title"
                       description="Display Gallery Title">
                    <option value="no">JNO</option>
                    <option value="yes">JYES</option>
                </field>
                <field name="displayGalleryDescription" type="radio" default="yes"
                       label="Gallery Description"
                       description="Display Gallery Title">
                    <option value="no">JNO</option>
                    <option value="yes">JYES</option>
                </field>

                <field name="displayLinkToGallery" type="radio" default="yes"
                       label="Gallery Link"
                       description="Add a link automatically below the wall of thumbnail that point to th gallery">
                    <option value="no">JNO</option>
                    <option value="yes">JYES</option>
                </field>
                <field name="NumberOfColumns" type="text" default="3"
                       label="Default Number of columns"
                       description="Number of columns to display images, can be overriden using columns="/>

                <field name="DefaultImage" type="text"
                       default="plugins/content/photofeed/notfound.jpg"
                       label="Default image"
                       size="50"
                       description="If some images can not be detected from the rss stream, the plugin will replace them with this one"/>

            </fieldset>


            <fieldset name="Smugmug" label="Smugmug">

                <field name="smugmugThumbSize" type="list" default="L"
                       label="Thumb Size"
                       description="SmugMug only: thumbnails picture size">
                    <option value="Ti">100x75 pixels</option>
                    <option value="Th">150x113 pixels</option>

                </field>

                <field name="smugmugSize" type="list" default="L"
                       label="Picture Size"
                       description="SmugMug only: size of the picture">
                    <option value="S">400x300 pixels Small</option>
                    <option value="M">600x450 pixels Medium</option>
                    <option value="L">800x600 pixels Large</option>
                    <option value="XL">1024x768 pixels XLarge</option>
                    <option value="X2">1280x960 pixels X2Large</option>
                    <option value="X3">1600x1200 pixels X3Large</option>
                    <option value="O">Original</option>
                </field>
            </fieldset>

            <fieldset name="Flickr" label="Flickr">
                <field name="flickrSize" type="list" default="0"
                       label="Picture Size"
                       description="Flickr only: size of the picture">
                    <option value="0">Square</option>
                    <option value="1">Thumb</option>
                    <option value="2">Small</option>
                    <option value="3">Medium</option>
                    <option value="4">Large</option>
                </field>
            </fieldset>

            <fieldset name="Picasa" label="Picasa">

                <field name="picasaSize" type="list" default="0"
                       label="Picture Size"
                       description="SmugMug only: size of the picture">
                    <option value="0">48x72 pixels Small</option>
                    <option value="1">96x144 pixels Medium</option>
                    <option value="2">192x288 pixels Large</option>
                </field>
            </fieldset>

            <fieldset name="Gallery G2" label="Gallery G2">

                <field name="g2Width" type="text" length="25" default="150px"
                       label="Gallery2 image Width"
                       description="Gallery2 only: Width of images, use % or px"/>
                <field name="g2Height" type="text" length="25" default="150px"
                       label="Gallery2 image Height"
                       description="Gallery2 only: Height of images, use % or px"/>
            </fieldset>
            <fieldset name="Caching" label="Caching">
                <field name="enableHtmlCache" type="radio" default="1"
                       label="HTML Cache"
                       description="Enable caching of HTML result.">
                    <option value="0">JNO</option>
                    <option value="1">JYES</option>
                </field>
                <field name="htmlCachetime" type="text" default="3600"
                       label="Html Cache time"
                       description="Cache time in seconds for HTML result per feed"></field>
                <field name="enableRssCache" type="radio" default="1"
                       label="RSS Cache"
                       description="Enable caching of Rss feed result.">
                    <option value="0">JNO</option>
                    <option value="1">JYES</option>
                </field>
                <field name="RssCachetime" type="text" default="3600"
                       label="RSS Cache time"
                       description="Cache time in seconds for rss feed"></field>
            </fieldset>
        </fields>
    </config>
</extension>
