<?xml version="1.0" encoding="UTF-8"?>
<extension
	type="module"
	version="1.6"
	client="site"
	method="upgrade">
	<name>Smugmug Badge</name>
	<creationDate>June 2010</creationDate>
	<author>Cedric Walter</author>
	<authorEmail>cedric.walter@gmail.com</authorEmail>
	<authorUrl>http://www.waltercedric.com</authorUrl>
	<copyright>(C) 2010 Copyright Info</copyright>
	<license>License Info</license>
	<version>2.5.1</version>
	<description>MOD_SMUGMUG_BADGE_DESCRIPTION</description>
	<scriptfile>smugmugbadge.scriptfile.php</scriptfile> 

	<install>		
	</install>
	<uninstall>		
	</uninstall>
	<update>		
	</update>

  <files>
    <filename module="mod_smugmugbadge">mod_smugmugbadge.php</filename>
	<filename module="mod_smugmugrandom">tmpl/default.php</filename>
	<filename module="mod_smugmugrandom">tmpl/index.html</filename>	
  </files>
  
  	<languages>
		<language tag="en-GB">en-GB.mod_smugmugbadge.ini</language>
	</languages>

	<updateservers>
		<server type="extension" priority="1" name="Extension Update Site">http://www.waltercedric.com/update/modules/mod_smugmugbadge/extension.xml</server>
		<server type="collection" priority="2" name="Collection Update Site">http://www.waltercedric.com/update/update.xml</server>
	</updateservers>
  
	<config>
		<fields name="params">
			<fieldset name="basic">
		   <field name="Height" type="text" length="4" default="200" label="Height" description="Height of badge."></field>
		    <field name="Width" type="text" length="4" default="200" label="Width"
		      description="Width of badge."></field>   
    
		    <field name="autorepeat" type="radio" default="1" label="Autorepeat" description="Autorepeat">
		      <option value="0">No</option>
		      <option value="1">Yes</option>
		    </field>
        
		    <field name="gridRows" type="radio" default="3" label="Grid Rows" description="Number of rows in grid.">
		      <option value="1">1</option>
		      <option value="2">2</option>
		      <option value="3">3</option>
		      <option value="4">4</option>
		      <option value="5">5</option>
		      <option value="6">6</option>
		    </field>

		    <field name="gridColumns" type="radio" default="4" label="Grid Columns" description="Number of columns in grid.">
		      <option value="1">1</option>
		      <option value="2">2</option>
		      <option value="3">3</option>
		      <option value="4">4</option>
		      <option value="5">5</option>
		      <option value="6">6</option>
		    </field>
    
		    <field name="gridSpacing" type="radio" default="1" label="Grid Spacing" description="Grid spacing.">
		      <option value="1">1</option>
		      <option value="2">2</option>
		      <option value="3">3</option>
		      <option value="4">4</option>
		      <option value="5">5</option>
		      <option value="6">6</option>
		    </field>
    
		    <field name="gridDelay" type="radio" default="2" label="Grid Delay" description="Grid delay.">
		      <option value="1">1</option>
		      <option value="2">2</option>
		      <option value="3">3</option>
		      <option value="4">4</option>
		      <option value="5">5</option>
		      <option value="6">6</option>
		    </field>

		    <field name="autoHideDelay" type="radio" default="4" label="Auto Hide Delay" description="Auto Hide Delay.">
		      <option value="1">1</option>
		      <option value="2">2</option>
		      <option value="3">3</option>
		      <option value="4">4</option>
		      <option value="5">5</option>
		      <option value="6">6</option>
		    </field>
    
		    <field name="slideshowDelay" type="radio" default="4" label="Slideshow Delay" description="Slideshow Delay.">
		      <option value="1">1</option>
		      <option value="2">2</option>
		      <option value="3">3</option>
		      <option value="4">4</option>
		      <option value="5">5</option>
		      <option value="6">6</option>
		    </field>

		    <field name="autostart" type="radio" default="1" label="Autostart" description="Autostart.">
		      <option value="0">No</option>
		      <option value="1">Yes</option>
		    </field>

		    <field name="aboutlink" type="text" default="" label="About link" description="About link."></field>
		    <field name="sharelink" type="text" default="" label="Share link" description="Share link."></field>
   
		    <field name="background" type="text" default="000000" label="background" description="Background color."></field>
		    <field name="preloaderGlow" type="text" default="FFFFFF" label="Preloader Glow" description="Preloader Glow color."></field>
		    <field name="preloaderColor" type="text" default="FFFFFF" label="Preloader Color" description="Preloader color."></field>
    
    
		    <field name="useLargeImages" type="radio" default="1" label="Use Large Images" description="Use Large Images.">
		      <option value="0">No</option>
		      <option value="1">Yes</option>
		    </field>
    
		    <field name="forceSize" type="radio" default="" label="Force Size" description="Force Size.">
		      <option value="">Best Fit</option>
		      <option value="1">Higher Resolution</option>
		    </field>
		    <!--
		    <field name="displayMode" type="radio" default="full" label="Display Mode" description="Display Mode.">
		      <option value="full">full</option>
		      <option value="">???</option>
		    </field>
		    -->
		    <field name="order" type="radio" default="0" label="Order" description="Order.">
		      <option value="norandom">norandom</option>
		      <option value="1">random</option>
		    </field>
       
		    <field name="Base" type="text" default="http://cedricwalter.smugmug.com" label="Base" description="Your Smugmug base url"></field>
    
		    <field name="AlbumID1" type="text" default="7421071" label="AlbumID1" description="ID of album to show photos from.
		      The album ID is located in the URL when viewing any of your albums, for instance in the url http://cedricwalter.smugmug.com/gallery/2504559_f3ta9#131481399, the album id is the set of numbers after /gallery/ and before the #-symbol followed by the ImageID - in this example the AlbumID is 2504559\n
		      SEMI-REQUIRED You must either provide an AlbumID OR a feedURL as below or nothing works.\n"></field>
    
		    <field name="AlbumKey1" type="text" default="53xgf" label="AlbumKey1" description="Key of album to show photos from\n
		      The album key is located in the URL when viewing any of your albums, for instance in the url http://cedricwalter.smugmug.com/gallery/2504559_f3ta9#131481399, the album key is the string of characters after /gallery/2504559_ and before the #-symbol followed by the ImageID - in this example the AlbumKey is f3ta9\n
		      SEMI-REQUIRED You must either provide an AlbumID and AlbumKey OR a feedURL as below or nothing works.\n"></field>
    
		    <field name="AlbumID2" type="text" default="7421071" label="AlbumID2" description="ID of album to show photos from.
		      The album ID is located in the URL when viewing any of your albums, for instance in the url http://cedricwalter.smugmug.com/gallery/2504559_f3ta9#131481399, the album id is the set of numbers after /gallery/ and before the #-symbol followed by the ImageID - in this example the AlbumID is 2504559\n
		      SEMI-REQUIRED You must either provide an AlbumID OR a feedURL as below or nothing works.\n"></field>
    
		    <field name="AlbumKey2" type="text" default="53xgf" label="AlbumKey2" description="Key of album to show photos from\n
		      The album key is located in the URL when viewing any of your albums, for instance in the url http://cedricwalter.smugmug.com/gallery/2504559_f3ta9#131481399, the album key is the string of characters after /gallery/2504559_ and before the #-symbol followed by the ImageID - in this example the AlbumKey is f3ta9\n
		      SEMI-REQUIRED You must either provide an AlbumID and AlbumKey OR a feedURL as below or nothing works.\n"></field>
    
		    <field name="AlbumID3" type="text" default="7421071" label="AlbumID3" description="ID of album to show photos from.
		      The album ID is located in the URL when viewing any of your albums, for instance in the url http://cedricwalter.smugmug.com/gallery/2504559_f3ta9#131481399, the album id is the set of numbers after /gallery/ and before the #-symbol followed by the ImageID - in this example the AlbumID is 2504559\n
		      SEMI-REQUIRED You must either provide an AlbumID OR a feedURL as below or nothing works.\n"></field>
    
		    <field name="AlbumKey3" type="text" default="53xgf" label="AlbumKey3" description="Key of album to show photos from\n
		      The album key is located in the URL when viewing any of your albums, for instance in the url http://cedricwalter.smugmug.com/gallery/2504559_f3ta9#131481399, the album key is the string of characters after /gallery/2504559_ and before the #-symbol followed by the ImageID - in this example the AlbumKey is f3ta9\n
		      SEMI-REQUIRED You must either provide an AlbumID and AlbumKey OR a feedURL as below or nothing works.\n"></field>
    
		    <field name="AlbumID4" type="text" default="7421071" label="AlbumID4" description="ID of album to show photos from.
		      The album ID is located in the URL when viewing any of your albums, for instance in the url http://cedricwalter.smugmug.com/gallery/2504559_f3ta9#131481399, the album id is the set of numbers after /gallery/ and before the #-symbol followed by the ImageID - in this example the AlbumID is 2504559\n
		      SEMI-REQUIRED You must either provide an AlbumID OR a feedURL as below or nothing works.\n"></field>
    
		    <field name="AlbumKey4" type="text" default="53xgf" label="AlbumKey4" description="Key of album to show photos from\n
		      The album key is located in the URL when viewing any of your albums, for instance in the url http://cedricwalter.smugmug.com/gallery/2504559_f3ta9#131481399, the album key is the string of characters after /gallery/2504559_ and before the #-symbol followed by the ImageID - in this example the AlbumKey is f3ta9\n
		      SEMI-REQUIRED You must either provide an AlbumID and AlbumKey OR a feedURL as below or nothing works.\n"></field>

		</fieldset>	
		
		<fieldset
				name="advanced">
				<field
					name="layout"
					type="modulelayout"
					label="JFIELD_ALT_LAYOUT_LABEL"
					description="JFIELD_ALT_MODULE_LAYOUT_DESC" />

				<field
					name="moduleclass_sfx"
					type="text"
					label="COM_MODULES_FIELD_MODULECLASS_SFX_LABEL"
					description="COM_MODULES_FIELD_MODULECLASS_SFX_DESC" />

				<field
					name="cache"
					type="list"
					default="1"
					label="COM_MODULES_FIELD_CACHING_LABEL"
					description="COM_MODULES_FIELD_CACHING_DESC">
					<option
						value="1">JGLOBAL_USE_GLOBAL</option>
					<option
						value="0">COM_MODULES_FIELD_VALUE_NOCACHING</option>
				</field>

				<field
					name="cache_time"
					type="text"
					default="900"
					label="COM_MODULES_FIELD_CACHE_TIME_LABEL"
					description="COM_MODULES_FIELD_CACHE_TIME_DESC" />
			</fieldset>
	   </fields>
	</config>
</extension>
