<?xml version="1.0" encoding="utf-8"?>
<extension version="1.6" type="plugin" group="system" method="upgrade">
    <name>CedSmugmug</name>
    <packagename>cedsmugmug</packagename>
    <author>Cedric Walter</author>
    <authorEmail>cedric.walter@gmail.com</authorEmail>
    <authorUrl>http://www.waltercedric.com</authorUrl>
    <packager>Cedric Walter</packager>
    <packagerurl>http://www.waltercedric.com</packagerurl>
    <creationDate>Dec 2011</creationDate>
    <copyright>Copyright (C) 2011 waltercedric.com All rights reserved.</copyright>
    <license>http://www.gnu.org/licenses/gpl-3.0.html GNU/GPL</license>
    <version>2.5.1</version>
    <description>Package Cedric Walter Smugmug</description>
    <scriptfile>install.script.php</scriptfile>

    <files>
        <filename plugin="installer">installer.php</filename>
    </files>
    	
    <cogs>
        <cog type="component" client="site" access="0" enabled="true" protected="false" remove_admin_menu="true">
		com_cedsmugmug
	 	<name>CED Smugmug</name>
	</cog>
    
	<cog type="plugin" client="site" ordering="1" access="1" enabled="true" protected="false">
		   plg_photofeed
		   <name>Plugin PhotoFeed</name>
	           <description>A small content plugin for Joomla! that allow you to inline a set of images from your favorite online gallery: Smugmug, Flickr, Picasa or any RSS feed in any article.</description>
	</cog>
	
	
	<cog type="plugin" client="site" ordering="1" access="1" enabled="true" protected="false">
		   plg_smugmugrandom
		   <name>Plugin Smugmug Random Pictures</name>
	           <description>A small joomla! extension (plugins), highly customizable to display picture randomly from your Smugmug gallery.This plugins displays Smugmug photos using shadowbox.</description>
	</cog>
	
	
	<cog type="plugin" client="site" ordering="1" access="1" enabled="true" protected="false">
		   plg_smugmugslideshow
		   <name>Plugin Smugmug Slideshow</name>
	           <description>This plugin is a front end for the myriad of parameter that can set for the Smugmug flash applet.</description>
	</cog>
	
	
	<cog type="plugin" client="site" name="smugmuggallery" group="editors-xtd"
			folder="plg_editors-xtd_smugmugslideshow" published="true" access="0" core="true"
			uninstall="true">
		   	plg_editors-xtd_smugmugslideshow
		   <name>Editor Smugmug Slideshow</name>
	           <description>This editor plugin allow you to enter easily smugmug slideshow into any post.</description>
	</cog>
	<cog type="plugin" client="site" name="smugmugrandom" group="editors-xtd"
			folder="plg_editors-xtd_smugmugrandom" published="true" access="0" core="true"
			uninstall="true">
		   	plg_editors-xtd_smugmugrandom
		   <name>Editor Smugmug Random</name>
	           <description>This editor plugin allow you to enter easily smugmug random pictures into any post.</description>
	</cog>
	<cog type="plugin" client="site" name="photofeed" group="editors-xtd"
			folder="plg_editors-xtd_photofeed" published="true" access="0" core="true"
			uninstall="true">
		   	plg_editors-xtd_photofeed
		   <name>Editor PhotoFeed</name>
	           <description>This editor plugin allow you to enter easily photofeed into any post.</description>
	</cog>

	
    <cog type="module" client="site">
		mod_smugmugbadge
		<name>Module Smugmug Badge</name>
           	<description>A small module, highly customizable to display a badge of your Smugmug galleries (up to 4 galleries are randomly supported).</description>
	</cog>
        <cog type="module" client="site">
		mod_smugmugrandom
		<name>Module Smugmug Random</name>
           	<description>A small joomla! module, highly customizable to display picture randomly from your Smugmug gallery.This module displays Smugmug photos using shadowbox.</description>
	</cog>
    <cog type="module" client="site">
		mod_smugmugslideshow
		<name>Module Smugmug Slideshow</name>
           	<description>This module is a front end for the myriad of parameter that can set for the Smugmug flash applet.</description>
	</cog>
	<cog type="module" client="site">
		mod_smugmugvideo
		<name>Module Smugmug Video</name>
           	<description>Highly customizable module to display video from your Smugmug gallery</description>
	</cog>
	
	
    </cogs>
</extension>
