<?xml version="1.0" encoding="utf-8"?>
<install type="component" version="1.7.0" overwrite="true" method="upgrade">
    <name>CedSmugmug</name>
    <element>com_cedsmugmug</element>
    <creationDate>29.01.2012</creationDate>
    <author>Cedric Walter</author>
    <authorEmail>www.waltercedric.com</authorEmail>
    <authorUrl>www.waltercedric.com</authorUrl>
    <copyright>(c) 2011 Cedric Walter www.waltercedric.com</copyright>
    <license>http://www.gnu.org/licenses/gpl-3.0.html GNU/GPL</license>
    <version>2.5.1</version>
    <description>A set of modules, plugins extensions for SmugMug the famous paid digital photo sharing website</description>

    <files>
        <filename>cedsmugmug.xml</filename>
        <filename>index.html</filename>
    </files>
	
	<media destination="com_cedsmugmug">
         <filename>ShizamSlides-2011042105.swf</filename>
		 <filename>index.html</filename>
    </media>	

    <administration></administration>


</install>